{
  "tools": {
    "axe": {
      "name": "Axe",
      "icon": "minecraft:diamond_axe",
      "toollist": [
        "actuallyadditions:diamond_paxel",
        "actuallyadditions:emerald_paxel",
        "actuallyadditions:gold_paxel",
        "actuallyadditions:iron_paxel",
        "actuallyadditions:item_axe_crystal_black",
        "actuallyadditions:item_axe_crystal_blue",
        "actuallyadditions:item_axe_crystal_green",
        "actuallyadditions:item_axe_crystal_light_blue",
        "actuallyadditions:item_axe_crystal_red",
        "actuallyadditions:item_axe_crystal_white",
        "actuallyadditions:item_axe_emerald",
        "actuallyadditions:item_axe_obsidian",
        "actuallyadditions:item_axe_quartz",
        "actuallyadditions:item_paxel_crystal_black",
        "actuallyadditions:item_paxel_crystal_blue",
        "actuallyadditions:item_paxel_crystal_green",
        "actuallyadditions:item_paxel_crystal_light_blue",
        "actuallyadditions:item_paxel_crystal_red",
        "actuallyadditions:item_paxel_crystal_white",
        "actuallyadditions:obsidian_paxel",
        "actuallyadditions:quartz_paxel",
        "actuallyadditions:stone_paxel",
        "actuallyadditions:wooden_paxel",
        "extrautils2:fireaxe",
        "minecraft:diamond_axe",
        "minecraft:golden_axe",
        "minecraft:iron_axe",
        "minecraft:stone_axe",
        "minecraft:wooden_axe",
        "tconstruct:hatchet",
        "thermalfoundation:tool.axe_aluminum",
        "thermalfoundation:tool.axe_bronze",
        "thermalfoundation:tool.axe_constantan",
        "thermalfoundation:tool.axe_copper",
        "thermalfoundation:tool.axe_electrum",
        "thermalfoundation:tool.axe_invar",
        "thermalfoundation:tool.axe_lead",
        "thermalfoundation:tool.axe_nickel",
        "thermalfoundation:tool.axe_platinum",
        "thermalfoundation:tool.axe_silver",
        "thermalfoundation:tool.axe_steel",
        "thermalfoundation:tool.axe_tin"
      ],
      "blocklist": [
        "biomesoplenty:leaves_0/8",
        "biomesoplenty:leaves_0/9",
        "biomesoplenty:leaves_0/10",
        "biomesoplenty:leaves_0/11",
        "biomesoplenty:leaves_1/8",
        "biomesoplenty:leaves_1/9",
        "biomesoplenty:leaves_1/10",
        "biomesoplenty:leaves_1/11",
        "biomesoplenty:leaves_2/8",
        "biomesoplenty:leaves_2/9",
        "biomesoplenty:leaves_2/10",
        "biomesoplenty:leaves_2/11",
        "biomesoplenty:leaves_3/8",
        "biomesoplenty:leaves_3/9",
        "biomesoplenty:leaves_3/10",
        "biomesoplenty:leaves_3/11",
        "biomesoplenty:leaves_4/8",
        "biomesoplenty:leaves_4/9",
        "biomesoplenty:leaves_4/10",
        "biomesoplenty:leaves_4/11",
        "biomesoplenty:leaves_5/8",
        "biomesoplenty:leaves_5/9",
        "biomesoplenty:leaves_5/10",
        "biomesoplenty:leaves_5/11",
        "biomesoplenty:leaves_6/8",
        "biomesoplenty:leaves_6/9",
        "biomesoplenty:log_0/4",
        "biomesoplenty:log_0/5",
        "biomesoplenty:log_0/6",
        "biomesoplenty:log_0/7",
        "biomesoplenty:log_1/4",
        "biomesoplenty:log_1/5",
        "biomesoplenty:log_1/6",
        "biomesoplenty:log_1/7",
        "biomesoplenty:log_2/4",
        "biomesoplenty:log_2/5",
        "biomesoplenty:log_2/6",
        "biomesoplenty:log_2/7",
        "biomesoplenty:log_3/4",
        "biomesoplenty:log_3/5",
        "biomesoplenty:log_3/6",
        "biomesoplenty:log_3/7",
        "biomesoplenty:log_4/4",
        "biomesoplenty:log_4/5",
        "calculator:AmethystLog/0",
        "calculator:DiamondLog/0",
        "calculator:PearLog/0",
        "calculator:TanzaniteLog/0",
        "forestry:leaves",
        "forestry:leaves.decorative.0",
        "forestry:leaves.decorative.1",
        "forestry:leaves.decorative.2",
        "forestry:logs.0",
        "forestry:logs.1",
        "forestry:logs.2",
        "forestry:logs.3",
        "forestry:logs.4",
        "forestry:logs.5",
        "forestry:logs.6",
        "forestry:logs.7",
        "forestry:logs.fireproof.0",
        "forestry:logs.fireproof.1",
        "forestry:logs.fireproof.2",
        "forestry:logs.fireproof.3",
        "forestry:logs.fireproof.4",
        "forestry:logs.fireproof.5",
        "forestry:logs.fireproof.6",
        "forestry:logs.fireproof.7",
        "forestry:logs.vanilla.fireproof.0",
        "forestry:logs.vanilla.fireproof.1",
        "harvestcraft:pamcinnamon/0",
        "harvestcraft:pammaple/0",
        "harvestcraft:pampaperbark/0",
        "minecraft:fence",
        "minecraft:leaves",
        "minecraft:leaves2",
        "minecraft:log",
        "minecraft:log2",
        "natura:nether_leaves",
        "natura:nether_leaves2",
        "natura:nether_logs",
        "natura:nether_logs2",
        "natura:overworld_leaves",
        "natura:overworld_leaves2",
        "natura:overworld_logs",
        "natura:overworld_logs2",
        "natura:redwood_leaves",
        "natura:redwood_logs",
        "tconstruct:slime_leaves"
      ]
    },
    "hoe": {
      "name": "Hoe",
      "icon": "minecraft:diamond_hoe",
      "toollist": [
        "actuallyadditions:item_hoe_crystal_black",
        "actuallyadditions:item_hoe_crystal_blue",
        "actuallyadditions:item_hoe_crystal_green",
        "actuallyadditions:item_hoe_crystal_light_blue",
        "actuallyadditions:item_hoe_crystal_red",
        "actuallyadditions:item_hoe_crystal_white",
        "actuallyadditions:item_hoe_emerald",
        "actuallyadditions:item_hoe_obsidian",
        "actuallyadditions:item_hoe_quartz",
        "extrautils2:sickle_diamond",
        "extrautils2:sickle_gold",
        "extrautils2:sickle_iron",
        "extrautils2:sickle_stone",
        "extrautils2:sickle_wood",
        "minecraft:diamond_hoe",
        "minecraft:golden_hoe",
        "minecraft:iron_hoe",
        "minecraft:stone_hoe",
        "minecraft:wooden_hoe",
        "tconstruct:mattock",
        "thermalfoundation:tool.hoe_aluminum",
        "thermalfoundation:tool.hoe_bronze",
        "thermalfoundation:tool.hoe_constantan",
        "thermalfoundation:tool.hoe_copper",
        "thermalfoundation:tool.hoe_electrum",
        "thermalfoundation:tool.hoe_invar",
        "thermalfoundation:tool.hoe_lead",
        "thermalfoundation:tool.hoe_nickel",
        "thermalfoundation:tool.hoe_platinum",
        "thermalfoundation:tool.hoe_silver",
        "thermalfoundation:tool.hoe_steel",
        "thermalfoundation:tool.hoe_tin",
        "thermalfoundation:tool.sickle_aluminum",
        "thermalfoundation:tool.sickle_bronze",
        "thermalfoundation:tool.sickle_constantan",
        "thermalfoundation:tool.sickle_copper",
        "thermalfoundation:tool.sickle_diamond",
        "thermalfoundation:tool.sickle_electrum",
        "thermalfoundation:tool.sickle_gold",
        "thermalfoundation:tool.sickle_invar",
        "thermalfoundation:tool.sickle_iron",
        "thermalfoundation:tool.sickle_lead",
        "thermalfoundation:tool.sickle_nickel",
        "thermalfoundation:tool.sickle_platinum",
        "thermalfoundation:tool.sickle_silver",
        "thermalfoundation:tool.sickle_steel",
        "thermalfoundation:tool.sickle_stone",
        "thermalfoundation:tool.sickle_tin",
        "thermalfoundation:tool.sickle_wood"
      ],
      "blocklist": [
        "minecraft:carrots",
        "minecraft:melon_block",
        "minecraft:potatoes",
        "minecraft:pumpkin",
        "minecraft:wheat"
      ]
    },
    "pickaxe": {
      "name": "Pickaxe",
      "icon": "minecraft:diamond_pickaxe",
      "toollist": [
        "actuallyadditions:diamond_paxel",
        "actuallyadditions:emerald_paxel",
        "actuallyadditions:gold_paxel",
        "actuallyadditions:iron_paxel",
        "actuallyadditions:item_drill",
        "actuallyadditions:item_paxel_crystal_black",
        "actuallyadditions:item_paxel_crystal_blue",
        "actuallyadditions:item_paxel_crystal_green",
        "actuallyadditions:item_paxel_crystal_light_blue",
        "actuallyadditions:item_paxel_crystal_red",
        "actuallyadditions:item_paxel_crystal_white",
        "actuallyadditions:item_pickaxe_crystal_black",
        "actuallyadditions:item_pickaxe_crystal_blue",
        "actuallyadditions:item_pickaxe_crystal_green",
        "actuallyadditions:item_pickaxe_crystal_light_blue",
        "actuallyadditions:item_pickaxe_crystal_red",
        "actuallyadditions:item_pickaxe_crystal_white",
        "actuallyadditions:item_pickaxe_emerald",
        "actuallyadditions:item_pickaxe_obsidian",
        "actuallyadditions:item_pickaxe_quartz",
        "actuallyadditions:obsidian_paxel",
        "actuallyadditions:quartz_paxel",
        "actuallyadditions:stone_paxel",
        "actuallyadditions:wooden_paxel",
        "forestry:broken_bronze_pickaxe",
        "forestry:bronze_pickaxe",
        "forestry:kit_pickaxe",
        "immersiveengineering:drill",
        "minecraft:diamond_pickaxe",
        "minecraft:golden_pickaxe",
        "minecraft:iron_pickaxe",
        "minecraft:stone_pickaxe",
        "minecraft:wooden_pickaxe",
        "tconstruct:pickaxe",
        "thermalfoundation:tool.hammer_aluminum",
        "thermalfoundation:tool.hammer_bronze",
        "thermalfoundation:tool.hammer_constantan",
        "thermalfoundation:tool.hammer_copper",
        "thermalfoundation:tool.hammer_diamond",
        "thermalfoundation:tool.hammer_electrum",
        "thermalfoundation:tool.hammer_gold",
        "thermalfoundation:tool.hammer_invar",
        "thermalfoundation:tool.hammer_iron",
        "thermalfoundation:tool.hammer_lead",
        "thermalfoundation:tool.hammer_nickel",
        "thermalfoundation:tool.hammer_platinum",
        "thermalfoundation:tool.hammer_silver",
        "thermalfoundation:tool.hammer_steel",
        "thermalfoundation:tool.hammer_stone",
        "thermalfoundation:tool.hammer_tin",
        "thermalfoundation:tool.hammer_wood",
        "thermalfoundation:tool.pickaxe_aluminum",
        "thermalfoundation:tool.pickaxe_bronze",
        "thermalfoundation:tool.pickaxe_constantan",
        "thermalfoundation:tool.pickaxe_copper",
        "thermalfoundation:tool.pickaxe_electrum",
        "thermalfoundation:tool.pickaxe_invar",
        "thermalfoundation:tool.pickaxe_lead",
        "thermalfoundation:tool.pickaxe_nickel",
        "thermalfoundation:tool.pickaxe_platinum",
        "thermalfoundation:tool.pickaxe_silver",
        "thermalfoundation:tool.pickaxe_steel",
        "thermalfoundation:tool.pickaxe_tin"
      ],
      "blocklist": [
        "actuallyadditions:blockMisc/3",
        "biomesoplenty:gem_ore/0",
        "biomesoplenty:gem_ore/1",
        "biomesoplenty:gem_ore/2",
        "biomesoplenty:gem_ore/3",
        "biomesoplenty:gem_ore/4",
        "biomesoplenty:gem_ore/5",
        "biomesoplenty:gem_ore/6",
        "biomesoplenty:gem_ore/7",
        "forestry:resources/0",
        "forestry:resources/1",
        "forestry:resources/2",
        "immersiveengineering:ore/0",
        "immersiveengineering:ore/1",
        "immersiveengineering:ore/2",
        "immersiveengineering:ore/3",
        "immersiveengineering:ore/4",
        "immersiveengineering:ore/5",
        "mekanism:OreBlock/0",
        "mekanism:OreBlock/1",
        "mekanism:OreBlock/2",
        "minecraft:coal_ore",
        "minecraft:cobblestone_wall",
        "minecraft:diamond_ore",
        "minecraft:emerald_ore",
        "minecraft:glowstone",
        "minecraft:gold_ore",
        "minecraft:iron_ore",
        "minecraft:lapis_ore",
        "minecraft:lit_redstone_ore",
        "minecraft:mossy_cobblestone",
        "minecraft:nether_brick_fence",
        "minecraft:obsidian",
        "minecraft:quartz_ore",
        "minecraft:redstone_ore",
        "tconstruct:ore/0",
        "tconstruct:ore/1",
        "thermalfoundation:ore/0",
        "thermalfoundation:ore/1",
        "thermalfoundation:ore/2",
        "thermalfoundation:ore/3",
        "thermalfoundation:ore/4",
        "thermalfoundation:ore/5",
        "thermalfoundation:ore/6",
        "thermalfoundation:ore/7",
        "thermalfoundation:ore/8",
        "thermalfoundation:ore_fluid/0",
        "thermalfoundation:ore_fluid/1",
        "thermalfoundation:ore_fluid/2",
        "thermalfoundation:ore_fluid/3",
        "thermalfoundation:ore_fluid/4"
      ]
    },
    "shears": {
      "name": "Shears",
      "icon": "minecraft:shears",
      "toollist": [
        "minecraft:shears",
        "thermalfoundation:tool.shears_aluminum",
        "thermalfoundation:tool.shears_bronze",
        "thermalfoundation:tool.shears_constantan",
        "thermalfoundation:tool.shears_copper",
        "thermalfoundation:tool.shears_diamond",
        "thermalfoundation:tool.shears_electrum",
        "thermalfoundation:tool.shears_gold",
        "thermalfoundation:tool.shears_invar",
        "thermalfoundation:tool.shears_lead",
        "thermalfoundation:tool.shears_nickel",
        "thermalfoundation:tool.shears_platinum",
        "thermalfoundation:tool.shears_silver",
        "thermalfoundation:tool.shears_steel",
        "thermalfoundation:tool.shears_stone",
        "thermalfoundation:tool.shears_tin",
        "thermalfoundation:tool.shears_wood"
      ],
      "blocklist": [
        "biomesoplenty:leaves_0/8",
        "biomesoplenty:leaves_0/9",
        "biomesoplenty:leaves_0/10",
        "biomesoplenty:leaves_0/11",
        "biomesoplenty:leaves_1/8",
        "biomesoplenty:leaves_1/9",
        "biomesoplenty:leaves_1/10",
        "biomesoplenty:leaves_1/11",
        "biomesoplenty:leaves_2/8",
        "biomesoplenty:leaves_2/9",
        "biomesoplenty:leaves_2/10",
        "biomesoplenty:leaves_2/11",
        "biomesoplenty:leaves_3/8",
        "biomesoplenty:leaves_3/9",
        "biomesoplenty:leaves_3/10",
        "biomesoplenty:leaves_3/11",
        "biomesoplenty:leaves_4/8",
        "biomesoplenty:leaves_4/9",
        "biomesoplenty:leaves_4/10",
        "biomesoplenty:leaves_4/11",
        "biomesoplenty:leaves_5/8",
        "biomesoplenty:leaves_5/9",
        "biomesoplenty:leaves_5/10",
        "biomesoplenty:leaves_5/11",
        "biomesoplenty:leaves_6/8",
        "biomesoplenty:leaves_6/9",
        "forestry:leaves",
        "forestry:leaves.decorative.0",
        "forestry:leaves.decorative.1",
        "forestry:leaves.decorative.2",
        "minecraft:deadbush",
        "minecraft:leaves",
        "minecraft:leaves2",
        "minecraft:tallgrass",
        "minecraft:vine",
        "minecraft:web",
        "minecraft:wool",
        "natura:nether_leaves",
        "natura:nether_leaves2",
        "natura:overworld_leaves",
        "natura:overworld_leaves2",
        "natura:redwood_leaves",
        "tconstruct:slime_leaves"
      ]
    },
    "shovel": {
      "name": "Shovel",
      "icon": "minecraft:diamond_shovel",
      "toollist": [
        "actuallyadditions:diamond_paxel",
        "actuallyadditions:emerald_paxel",
        "actuallyadditions:gold_paxel",
        "actuallyadditions:iron_paxel",
        "actuallyadditions:item_drill",
        "actuallyadditions:item_paxel_crystal_black",
        "actuallyadditions:item_paxel_crystal_blue",
        "actuallyadditions:item_paxel_crystal_green",
        "actuallyadditions:item_paxel_crystal_light_blue",
        "actuallyadditions:item_paxel_crystal_red",
        "actuallyadditions:item_paxel_crystal_white",
        "actuallyadditions:item_shovel_crystal_black",
        "actuallyadditions:item_shovel_crystal_blue",
        "actuallyadditions:item_shovel_crystal_green",
        "actuallyadditions:item_shovel_crystal_light_blue",
        "actuallyadditions:item_shovel_crystal_red",
        "actuallyadditions:item_shovel_crystal_white",
        "actuallyadditions:item_shovel_emerald",
        "actuallyadditions:item_shovel_obsidian",
        "actuallyadditions:item_shovel_quartz",
        "actuallyadditions:obsidian_paxel",
        "actuallyadditions:quartz_paxel",
        "actuallyadditions:stone_paxel",
        "actuallyadditions:wooden_paxel",
        "forestry:broken_bronze_shovel",
        "forestry:bronze_shovel",
        "forestry:kit_shovel",
        "immersiveengineering:drill",
        "minecraft:diamond_shovel",
        "minecraft:golden_shovel",
        "minecraft:iron_shovel",
        "minecraft:stone_shovel",
        "minecraft:wooden_shovel",
        "tconstruct:mattock",
        "tconstruct:shovel",
        "thermalfoundation:tool.shovel_aluminum",
        "thermalfoundation:tool.shovel_bronze",
        "thermalfoundation:tool.shovel_constantan",
        "thermalfoundation:tool.shovel_copper",
        "thermalfoundation:tool.shovel_electrum",
        "thermalfoundation:tool.shovel_invar",
        "thermalfoundation:tool.shovel_lead",
        "thermalfoundation:tool.shovel_nickel",
        "thermalfoundation:tool.shovel_platinum",
        "thermalfoundation:tool.shovel_silver",
        "thermalfoundation:tool.shovel_steel",
        "thermalfoundation:tool.shovel_tin"
      ],
      "blocklist": [
        "minecraft:clay",
        "minecraft:gravel"
      ]
    }
  }
}